customer_id,age,monthly_income,occupation,city,state
1,56,141932,Engineer,Port Davidfort,Telangana
2,38,64886,Teacher,East Tonystad,Karnataka
3,40,97498,Shop Owner,Port Heather,Delhi
4,57,26023,Engineer,Ellisview,Telangana
5,19,69735,Driver,Goldenberg,Gujarat
6,38,95305,Freelancer,Salazarshire,Telangana
7,42,140608,Engineer,Alexanderhaven,Karnataka
8,59,140523,Driver,Mcdonaldview,Karnataka
9,20,79092,Engineer,Doylebury,Telangana
10,26,97313,Driver,North Paulshire,Maharashtra
11,31,78148,Teacher,Petersonhaven,Delhi
12,45,130174,Driver,New Elizabeth,Delhi
13,25,120510,Engineer,Port Patricia,Maharashtra
14,53,29457,Freelancer,Brandonport,Gujarat
15,21,19692,Teacher,Port Mark,Gujarat
16,51,47065,Freelancer,Millerbury,Delhi
17,31,21534,Freelancer,North Heidi,Delhi
18,57,33247,Shop Owner,Nicholashaven,Gujarat
19,41,22185,Student,South Jennifer,Delhi
20,58,48044,Shop Owner,Ramirezbury,Maharashtra
21,42,50774,Student,Joseton,Maharashtra
22,25,134375,Engineer,Greghaven,Karnataka
23,34,23986,Engineer,East Jeffreyport,Maharashtra
24,22,144633,Teacher,South Jeffreyberg,Maharashtra
25,45,32662,Student,East Steveview,Delhi
26,51,62256,Freelancer,Rivasbury,Telangana
27,52,20965,Engineer,North Lauren,Karnataka
28,18,123252,Freelancer,Rayview,Karnataka
29,18,108806,Freelancer,Jonathanburgh,Karnataka
30,26,141278,Teacher,Guerrerofurt,Gujarat
31,30,60015,Student,Lake Jesse,Delhi
32,49,97939,Freelancer,West Michelle,Telangana
33,40,72623,Engineer,Justinmouth,Karnataka
34,39,53585,Teacher,North Kimberlyfort,Telangana
35,23,105259,Driver,North Alan,Delhi
36,37,28047,Teacher,Port Margaretchester,Delhi
37,42,54262,Freelancer,West Nathanielburgh,Maharashtra
38,18,138376,Engineer,Diazhaven,Maharashtra
39,30,65016,Engineer,Jasmineside,Karnataka
40,26,129101,Shop Owner,South Nicole,Maharashtra
41,59,137659,Engineer,Kirbyfurt,Maharashtra
42,29,62733,Teacher,New Shannonchester,Karnataka
43,54,103264,Engineer,West Abigailborough,Maharashtra
44,19,122859,Freelancer,Morristown,Telangana
45,49,17392,Student,East Kathleen,Karnataka
46,19,60859,Teacher,Bartonton,Delhi
47,28,119751,Engineer,Amychester,Maharashtra
48,55,116308,Driver,Williamtown,Gujarat
49,23,99045,Engineer,Stevenston,Maharashtra
50,26,96202,Freelancer,North Tylershire,Telangana
51,20,59811,Driver,West Alyssa,Karnataka
52,53,134249,Engineer,Cynthiatown,Karnataka
53,37,143983,Driver,Andremouth,Maharashtra
54,50,81295,Teacher,South Benjamin,Maharashtra
55,28,18155,Student,Watersview,Maharashtra
56,40,31918,Freelancer,Annamouth,Gujarat
57,52,56843,Teacher,West Elizabeth,Maharashtra
58,19,113727,Freelancer,Rodriguezside,Delhi
59,22,127796,Engineer,Lake Johnside,Maharashtra
60,58,127858,Engineer,Jacquelineview,Karnataka
61,37,16295,Freelancer,Faulknerland,Maharashtra
62,41,126336,Driver,Robertsmouth,Delhi
63,52,136063,Freelancer,Douglastown,Maharashtra
64,52,143272,Shop Owner,East William,Gujarat
65,35,87505,Freelancer,South Ericburgh,Karnataka
66,33,60108,Student,Autumnchester,Delhi
67,50,48467,Student,South Kyle,Telangana
68,37,68871,Engineer,Murphytown,Maharashtra
69,50,117450,Engineer,South Jenniferburgh,Telangana
70,25,40746,Teacher,Angelatown,Telangana
71,47,107888,Driver,Christineberg,Maharashtra
72,22,103179,Shop Owner,Randolphberg,Karnataka
73,21,112946,Student,Marissaton,Maharashtra
74,45,53484,Freelancer,South Gary,Telangana
75,23,73208,Shop Owner,New Dillonfort,Telangana
76,48,134019,Shop Owner,Brewerborough,Telangana
77,49,16102,Student,East Wendy,Karnataka
78,35,113746,Freelancer,New Pamelaside,Gujarat
79,49,14014,Freelancer,Stephenshire,Gujarat
80,44,20729,Teacher,South Anita,Gujarat
81,34,115864,Engineer,West Lori,Telangana
82,59,39592,Shop Owner,New Kyle,Delhi
83,24,120627,Shop Owner,Kathleenborough,Delhi
84,18,87575,Freelancer,South Theodore,Delhi
85,40,134046,Driver,New Natashabury,Gujarat
86,19,134862,Freelancer,Cooperstad,Karnataka
87,42,62921,Freelancer,Lake Kyleborough,Telangana
88,39,65609,Teacher,Robertland,Maharashtra
89,59,137813,Freelancer,West Jennifer,Karnataka
90,54,123632,Shop Owner,Kennethfurt,Delhi
91,22,97235,Freelancer,East Elizabeth,Telangana
92,49,83523,Shop Owner,New Kevin,Gujarat
93,59,93613,Engineer,Port Alexmouth,Maharashtra
94,36,38251,Teacher,Donaldbury,Gujarat
95,54,42217,Shop Owner,Lake Leahshire,Maharashtra
96,29,84740,Student,South Jennifer,Gujarat
97,18,140798,Teacher,Seanfurt,Maharashtra
98,57,124548,Student,Patriciaborough,Telangana
99,56,39375,Shop Owner,Alyssaland,Telangana
100,20,77215,Engineer,Adamview,Telangana
101,39,103468,Freelancer,Dennisport,Delhi
102,22,88832,Freelancer,Port Johnside,Delhi
103,22,53919,Teacher,East Lisa,Gujarat
104,38,104758,Driver,West Yvettestad,Maharashtra
105,47,36646,Teacher,South Abigail,Gujarat
106,22,107379,Teacher,Bradborough,Delhi
107,48,33289,Engineer,East Anitashire,Gujarat
108,49,51975,Shop Owner,Estradafort,Telangana
109,21,37663,Teacher,North Pamela,Maharashtra
110,45,101007,Engineer,West Steven,Delhi
111,41,21938,Driver,North Michaelborough,Maharashtra
112,50,111042,Engineer,North Mary,Telangana
113,29,48304,Teacher,South Sean,Karnataka
114,46,118940,Driver,Lake Samanthabury,Gujarat
115,52,37350,Student,Brownmouth,Gujarat
116,25,98668,Teacher,Taylorside,Gujarat
117,43,75953,Engineer,West Ericburgh,Maharashtra
118,24,13267,Teacher,East Jeremytown,Telangana
119,28,141484,Driver,Erinbury,Maharashtra
120,38,54425,Shop Owner,Port Donald,Maharashtra
121,41,57295,Engineer,South Kellyview,Maharashtra
122,52,95999,Driver,East Dillonview,Gujarat
123,56,148429,Shop Owner,Grimesland,Delhi
124,30,122856,Engineer,Dorseyland,Maharashtra
125,47,121888,Student,Lake Kimberly,Delhi
126,42,129180,Engineer,Kyleton,Karnataka
127,53,69163,Freelancer,Jerryport,Delhi
128,36,15486,Shop Owner,Lake Carlosport,Telangana
129,52,112795,Student,Smithside,Delhi
130,38,128324,Student,Port Leroy,Telangana
131,59,31689,Freelancer,Jasonburgh,Gujarat
132,22,48102,Shop Owner,Moranview,Karnataka
133,28,16801,Driver,Caseybury,Maharashtra
134,27,11542,Freelancer,Simmonsfort,Telangana
135,57,49081,Student,North John,Gujarat
136,44,29065,Teacher,East Timothy,Telangana
137,46,64693,Engineer,North Laura,Telangana
138,18,142396,Driver,South Jacquelinehaven,Delhi
139,23,29870,Engineer,East Tommy,Telangana
140,56,128874,Teacher,Lake Ann,Gujarat
141,36,25485,Engineer,Jasonburgh,Telangana
142,30,13709,Teacher,Robertmouth,Delhi
143,45,52918,Student,New Heathertown,Karnataka
144,30,90219,Freelancer,East Ronald,Maharashtra
145,42,43591,Student,Graceview,Telangana
146,23,46395,Shop Owner,South Sarahstad,Telangana
147,38,30559,Freelancer,Port Anthony,Telangana
148,28,31732,Driver,Carolineshire,Karnataka
149,36,23843,Student,Romeroville,Gujarat
150,58,62528,Freelancer,Stevenland,Maharashtra
151,20,148186,Driver,Port Aaronview,Gujarat
152,49,21023,Freelancer,Jennifermouth,Delhi
153,41,76203,Shop Owner,Hillborough,Gujarat
154,45,71529,Teacher,East Christopherside,Delhi
155,45,137016,Driver,Phillipsville,Karnataka
156,34,88752,Shop Owner,New Victoriaborough,Delhi
157,30,107007,Shop Owner,East Amandatown,Telangana
158,52,128012,Freelancer,Mataview,Gujarat
159,22,60990,Student,Scotttown,Gujarat
160,27,68141,Teacher,East Kathleenborough,Karnataka
161,22,11015,Student,Anthonystad,Maharashtra
162,35,149487,Student,Jakeberg,Karnataka
163,38,33833,Student,Lake Jennifer,Karnataka
164,44,56540,Student,Port Jessicaville,Gujarat
165,58,115570,Student,East Vanessa,Telangana
166,23,22763,Student,Davidland,Telangana
167,48,90642,Shop Owner,Thomashaven,Telangana
168,54,14809,Teacher,Port Elizabeth,Karnataka
169,34,131288,Freelancer,Williamstown,Maharashtra
170,30,67091,Freelancer,Port Trevor,Maharashtra
171,57,118319,Teacher,North Melissa,Delhi
172,48,148311,Teacher,Lake Blake,Gujarat
173,51,71877,Freelancer,North Alexandra,Karnataka
174,29,125765,Driver,South Jesse,Telangana
175,47,34285,Engineer,Lake Chelseaside,Maharashtra
176,34,29198,Shop Owner,South Mariabury,Telangana
177,31,63682,Freelancer,Port Matthew,Delhi
178,51,16949,Teacher,Monicamouth,Gujarat
179,35,148013,Engineer,Walkerfort,Karnataka
180,51,104456,Freelancer,Wellsport,Maharashtra
181,41,52318,Driver,North Kyleside,Gujarat
182,34,113196,Driver,Swansonborough,Gujarat
183,34,29963,Driver,Kathyton,Telangana
184,51,83477,Shop Owner,Port Jenniferfurt,Gujarat
185,30,114573,Engineer,Lake Beth,Karnataka
186,28,147326,Student,West Jordan,Karnataka
187,33,34071,Driver,Virginiabury,Delhi
188,42,111570,Engineer,North William,Telangana
189,49,85697,Shop Owner,Port David,Gujarat
190,36,67108,Shop Owner,East Dustinmouth,Gujarat
191,45,113081,Shop Owner,Kevinchester,Telangana
192,23,140560,Shop Owner,Seantown,Maharashtra
193,29,61745,Student,East Maryside,Gujarat
194,44,33624,Teacher,South Joshuafurt,Maharashtra
195,39,128831,Shop Owner,Port Kathy,Maharashtra
196,43,74291,Student,North Deborahside,Maharashtra
197,52,60428,Driver,New Robert,Gujarat
198,45,83686,Freelancer,North Nathan,Gujarat
199,43,14621,Engineer,Simmonsside,Karnataka
200,24,146194,Freelancer,Melissashire,Karnataka
201,35,115977,Freelancer,New Leahborough,Karnataka
202,32,56271,Student,West Davidview,Telangana
203,45,11062,Student,Lake John,Maharashtra
204,56,147301,Teacher,Lake Michael,Delhi
205,42,114592,Shop Owner,North Gabrielle,Delhi
206,42,118099,Teacher,Ronnieland,Karnataka
207,58,135036,Teacher,Jacksonton,Delhi
208,39,22910,Student,Millerland,Delhi
209,36,110776,Shop Owner,Matamouth,Delhi
210,43,58447,Teacher,New Donaldview,Karnataka
211,23,13812,Student,Lawrenceport,Maharashtra
212,39,126421,Freelancer,Samanthaland,Delhi
213,47,86125,Student,Markhaven,Karnataka
214,48,14324,Driver,Port Billy,Gujarat
215,37,132883,Freelancer,New Scott,Maharashtra
216,47,23234,Freelancer,West Lisaville,Maharashtra
217,19,10846,Engineer,Harrismouth,Gujarat
218,22,147541,Teacher,Lake Travis,Delhi
219,36,137534,Student,Kristibury,Gujarat
220,31,52533,Shop Owner,Jamesville,Karnataka
221,53,115292,Engineer,North Chad,Karnataka
222,50,133781,Teacher,Steeleshire,Gujarat
223,22,97958,Teacher,South Samanthashire,Delhi
224,19,126748,Teacher,New Vanessaburgh,Delhi
225,18,142414,Shop Owner,Donaldton,Maharashtra
226,34,103070,Freelancer,Jameschester,Karnataka
227,47,52078,Student,East Keithfort,Telangana
228,31,77444,Engineer,Bruceton,Maharashtra
229,51,94555,Engineer,Thompsonmouth,Karnataka
230,18,146487,Freelancer,West Annshire,Delhi
231,46,18007,Engineer,Morenofurt,Maharashtra
232,54,131101,Driver,Port Bradley,Karnataka
233,38,25524,Shop Owner,Kevinview,Karnataka
234,31,135501,Driver,Alishatown,Maharashtra
235,59,53303,Freelancer,New Zacharyhaven,Karnataka
236,55,112974,Student,Johnbury,Maharashtra
237,34,21246,Teacher,South Carla,Telangana
238,57,102263,Engineer,New Margaret,Karnataka
239,23,64917,Engineer,Youngberg,Karnataka
240,25,90910,Shop Owner,Robertstad,Maharashtra
241,47,141994,Driver,Lake Christine,Telangana
242,55,107720,Student,Taylorton,Telangana
243,54,42154,Student,Tonyatown,Delhi
244,39,69201,Teacher,Molinaberg,Telangana
245,27,56197,Freelancer,Grahambury,Telangana
246,48,81907,Shop Owner,Fowlerchester,Delhi
247,32,30103,Shop Owner,New Zacharyport,Telangana
248,21,111195,Shop Owner,New Craig,Gujarat
249,44,85683,Driver,South Mitchell,Gujarat
250,44,81315,Engineer,New Adam,Gujarat
251,57,86325,Freelancer,Millsmouth,Gujarat
252,29,83319,Freelancer,Michaeltown,Gujarat
253,42,101751,Driver,Andrewhaven,Karnataka
254,29,47219,Driver,North Michellehaven,Telangana
255,54,114263,Teacher,Ruizshire,Maharashtra
256,45,119945,Student,Lake Kathleen,Karnataka
257,46,144869,Engineer,New Jeffrey,Maharashtra
258,54,142717,Driver,North Thomas,Maharashtra
259,18,110158,Freelancer,South Christopher,Karnataka
260,57,78244,Student,Jessicaview,Telangana
261,26,67545,Driver,Klineville,Maharashtra
262,43,23224,Engineer,East Christopherfurt,Delhi
263,42,149649,Teacher,Reyesview,Karnataka
264,51,46368,Engineer,Port Markborough,Karnataka
265,41,77526,Driver,Lewistown,Telangana
266,41,56240,Student,Jenkinsland,Telangana
267,39,29097,Driver,South Claudia,Gujarat
268,38,80480,Driver,Gutierrezborough,Maharashtra
269,37,62853,Freelancer,Kramertown,Delhi
270,57,11759,Shop Owner,East Ericshire,Karnataka
271,36,103501,Freelancer,Madisonberg,Telangana
272,46,100397,Engineer,Haileytown,Gujarat
273,18,74077,Engineer,Port Timothy,Gujarat
274,19,147717,Driver,New Andre,Maharashtra
275,47,48565,Engineer,North Robert,Delhi
276,18,62487,Shop Owner,North Alicia,Karnataka
277,49,113177,Teacher,Ashleymouth,Karnataka
278,51,136944,Driver,South Robertport,Gujarat
279,24,119575,Student,West Michellefort,Maharashtra
280,20,40678,Engineer,Richardville,Telangana
281,25,82258,Engineer,Janetmouth,Maharashtra
282,45,111358,Teacher,West Danieltown,Karnataka
283,49,97127,Freelancer,New Daisyburgh,Karnataka
284,33,129235,Driver,North Mark,Telangana
285,38,96925,Teacher,Rhondaborough,Gujarat
286,24,26032,Shop Owner,Stevenville,Karnataka
287,36,128865,Teacher,Hollyhaven,Maharashtra
288,22,97955,Engineer,Jessefurt,Gujarat
289,19,104914,Driver,Richardstad,Delhi
290,22,142351,Freelancer,Darrelltown,Maharashtra
291,51,148155,Engineer,West Jason,Delhi
292,39,29063,Engineer,New Margaret,Maharashtra
293,34,12573,Student,West Samuelmouth,Gujarat
294,42,70774,Student,West Regina,Karnataka
295,21,65961,Teacher,Nicholsmouth,Telangana
296,51,136678,Shop Owner,Jessicafurt,Karnataka
297,23,71268,Teacher,South Andrewmouth,Delhi
298,58,41653,Teacher,Barnesfurt,Maharashtra
299,54,131829,Teacher,Eileenchester,Delhi
300,40,58756,Teacher,Whiteview,Telangana
301,44,91182,Freelancer,New Nancy,Karnataka
302,57,57924,Teacher,Velazquezbury,Telangana
303,34,45737,Shop Owner,Laurabury,Delhi
304,19,111371,Freelancer,New Jacob,Karnataka
305,18,31172,Driver,Gallegosport,Karnataka
306,43,63276,Shop Owner,Harristown,Karnataka
307,57,99599,Driver,New Tina,Maharashtra
308,56,126021,Teacher,Savagechester,Telangana
309,50,69129,Driver,Woodhaven,Delhi
310,36,131789,Engineer,Meganland,Telangana
311,51,142596,Student,Smithside,Maharashtra
312,57,64912,Student,Orrmouth,Telangana
313,57,65337,Student,Port Eric,Karnataka
314,20,38145,Shop Owner,East Eric,Delhi
315,47,30581,Teacher,South Paul,Delhi
316,36,101748,Driver,Markborough,Karnataka
317,34,46408,Student,Coleberg,Delhi
318,33,100327,Engineer,Olsonshire,Telangana
319,34,142822,Shop Owner,Christopherhaven,Maharashtra
320,35,87454,Engineer,Wardmouth,Gujarat
321,58,132732,Teacher,Gibsonburgh,Gujarat
322,33,80342,Student,Brittanyside,Gujarat
323,38,29541,Teacher,East Andrea,Telangana
324,24,90559,Teacher,East Jane,Karnataka
325,40,147809,Freelancer,Port Erin,Delhi
326,56,29426,Teacher,Mathiston,Karnataka
327,59,76150,Student,New Lori,Karnataka
328,51,144055,Teacher,Lake Timothy,Delhi
329,56,104071,Student,South Dana,Delhi
330,46,125608,Shop Owner,West Charles,Gujarat
331,50,89273,Driver,Davenportview,Gujarat
332,52,135341,Engineer,Wilsonstad,Telangana
333,30,79346,Engineer,Dixonton,Delhi
334,46,71916,Freelancer,Port Annetteshire,Telangana
335,33,95431,Driver,Paulview,Maharashtra
336,27,115373,Student,Christineview,Delhi
337,22,42733,Student,Richardsborough,Karnataka
338,31,34951,Freelancer,Alanberg,Gujarat
339,21,122573,Shop Owner,South Richardhaven,Maharashtra
340,18,145566,Student,Port Jennifer,Maharashtra
341,41,53001,Shop Owner,New Kayla,Telangana
342,54,141878,Freelancer,Jamesborough,Karnataka
343,30,34262,Driver,East Jeffreybury,Delhi
344,25,51844,Engineer,Esteston,Telangana
345,27,50042,Teacher,Riosberg,Maharashtra
346,43,128533,Shop Owner,Bartonstad,Telangana
347,40,56600,Engineer,Stevenberg,Delhi
348,59,122855,Engineer,Cookville,Karnataka
349,55,64028,Shop Owner,North Jessica,Maharashtra
350,26,112979,Freelancer,East Erinmouth,Telangana
351,51,93560,Engineer,Markside,Karnataka
352,45,75160,Engineer,Port Danielle,Maharashtra
353,51,35931,Teacher,West Brittany,Maharashtra
354,32,137015,Student,Khanchester,Telangana
355,28,60106,Teacher,Cruzton,Delhi
356,32,79669,Engineer,Herbertstad,Telangana
357,43,51873,Freelancer,Howardfort,Telangana
358,30,51755,Shop Owner,Joneschester,Telangana
359,34,135991,Shop Owner,Kellystad,Telangana
360,20,142663,Teacher,Morganstad,Karnataka
361,30,109616,Freelancer,South Juliehaven,Karnataka
362,33,29623,Driver,Davidhaven,Maharashtra
363,58,115228,Engineer,North Davidland,Telangana
364,42,121785,Driver,Gonzalesview,Karnataka
365,55,63947,Shop Owner,Spearsfort,Karnataka
366,48,57638,Teacher,North Meghanfurt,Gujarat
367,49,52534,Teacher,Jonathanside,Delhi
368,19,102124,Driver,Wendyton,Gujarat
369,49,85418,Student,West Danielle,Maharashtra
370,34,41575,Shop Owner,New Williamstad,Karnataka
371,23,86242,Freelancer,Elliottborough,Gujarat
372,58,71246,Driver,Smithburgh,Delhi
373,32,101357,Shop Owner,Olivertown,Telangana
374,39,93807,Driver,Kennethtown,Gujarat
375,21,133797,Student,Michaelland,Gujarat
376,18,30953,Engineer,Jeffreytown,Gujarat
377,31,125374,Shop Owner,Sophiafort,Delhi
378,53,97266,Driver,Patelview,Telangana
379,29,67372,Engineer,Patrickview,Maharashtra
380,23,41598,Engineer,Timothyshire,Karnataka
381,40,21745,Freelancer,South Sarahtown,Gujarat
382,46,133395,Student,Albertbury,Karnataka
383,30,107768,Shop Owner,West James,Telangana
384,28,33411,Teacher,Mclaughlinmouth,Delhi
385,39,32042,Engineer,Houseside,Maharashtra
386,45,43756,Shop Owner,Howardland,Telangana
387,37,58901,Engineer,Alexanderstad,Maharashtra
388,22,138386,Engineer,Marcusburgh,Maharashtra
389,55,143052,Engineer,Simmonsborough,Maharashtra
390,42,92711,Driver,New Brianview,Gujarat
391,32,28639,Engineer,East Alexander,Delhi
392,42,146848,Shop Owner,North Rebecca,Telangana
393,25,92970,Freelancer,Gilmorefort,Gujarat
394,24,92879,Driver,Cherylborough,Telangana
395,41,54859,Teacher,North Dawnfurt,Karnataka
396,37,132413,Student,Gregton,Maharashtra
397,37,44531,Student,New Ericshire,Maharashtra
398,39,15109,Shop Owner,Christopherstad,Telangana
399,19,64615,Engineer,Kevinstad,Telangana
400,34,112471,Shop Owner,Matthewmouth,Gujarat
401,47,93309,Freelancer,Frederickton,Karnataka
402,42,74288,Driver,Port Zachary,Maharashtra
403,25,79298,Student,Edwardborough,Maharashtra
404,29,135816,Freelancer,Cortezshire,Delhi
405,37,45488,Teacher,Johnshire,Gujarat
406,50,59153,Student,East Kerry,Maharashtra
407,58,122755,Teacher,Curtisburgh,Gujarat
408,55,60861,Teacher,Williambury,Gujarat
409,32,78577,Teacher,North Kathyberg,Delhi
410,57,81626,Shop Owner,East Melinda,Karnataka
411,23,127832,Student,New Christianland,Gujarat
412,29,112215,Teacher,Lake Kevinstad,Delhi
413,37,71550,Engineer,Thomasstad,Karnataka
414,37,108511,Driver,Katelynhaven,Gujarat
415,39,43662,Engineer,Lake Shannonchester,Maharashtra
416,59,46877,Engineer,Karinaburgh,Gujarat
417,29,120091,Shop Owner,Lake Andrew,Maharashtra
418,36,133629,Driver,East Stephen,Telangana
419,25,38380,Shop Owner,Morganhaven,Karnataka
420,35,115361,Engineer,Davidsonport,Telangana
421,49,12920,Engineer,East Deniseton,Karnataka
422,45,89561,Engineer,Michelletown,Karnataka
423,46,26309,Student,Lake Alexanderton,Delhi
424,47,122340,Teacher,West Robinfort,Telangana
425,41,84131,Shop Owner,Snyderborough,Delhi
426,45,35963,Freelancer,Garciaport,Delhi
427,41,124225,Student,New Daniel,Karnataka
428,49,82099,Teacher,Lake Dawn,Telangana
429,51,53585,Teacher,East Katie,Delhi
430,23,39426,Engineer,North Reginafort,Gujarat
431,29,136503,Shop Owner,Keithstad,Maharashtra
432,52,29975,Driver,East Natalie,Gujarat
433,31,98397,Teacher,Diazmouth,Telangana
434,22,135932,Student,South Albert,Delhi
435,31,45046,Student,Kevinmouth,Delhi
436,19,55893,Student,East Hunterhaven,Karnataka
437,42,77649,Engineer,Saunderston,Telangana
438,22,96475,Driver,New Mary,Telangana
439,40,128154,Teacher,Howellburgh,Karnataka
440,31,86367,Teacher,Pittmanfort,Telangana
441,27,86619,Freelancer,Lake Alexandriamouth,Maharashtra
442,18,147348,Driver,Port Kelsey,Karnataka
443,29,118856,Freelancer,East Michaelview,Delhi
444,45,45946,Shop Owner,Port Kimberlyshire,Telangana
445,29,102324,Student,Lake Natalie,Maharashtra
446,45,93310,Freelancer,Taylorborough,Delhi
447,37,91537,Student,Port Victoria,Telangana
448,37,10281,Shop Owner,Davidhaven,Maharashtra
449,52,86260,Shop Owner,South Jesus,Karnataka
450,22,74178,Freelancer,New Mark,Delhi
451,59,142311,Engineer,North Shawnville,Karnataka
452,51,55272,Teacher,Brendaside,Telangana
453,56,130030,Engineer,Janetland,Gujarat
454,40,89141,Driver,Aprilshire,Telangana
455,33,11969,Teacher,Lake Jonathanbury,Delhi
456,25,20225,Shop Owner,Rubenshire,Maharashtra
457,25,115823,Freelancer,East Huntertown,Telangana
458,39,58320,Teacher,Shannonborough,Karnataka
459,27,38625,Student,Deborahhaven,Gujarat
460,25,120448,Driver,West Williamburgh,Karnataka
461,25,64061,Driver,North Danielton,Maharashtra
462,18,89134,Freelancer,East Ashley,Telangana
463,22,120169,Freelancer,New Hannah,Delhi
464,19,113409,Freelancer,South Timothy,Maharashtra
465,50,121279,Shop Owner,West Sandraview,Maharashtra
466,30,124044,Freelancer,Port Shelley,Delhi
467,55,14114,Freelancer,Dillonfurt,Gujarat
468,35,106652,Student,Bruceberg,Karnataka
469,28,13712,Freelancer,New John,Maharashtra
470,38,13726,Student,Matthewbury,Delhi
471,24,110494,Shop Owner,West Williamside,Karnataka
472,46,113896,Student,Port Holly,Maharashtra
473,49,103680,Engineer,Lake Sheilaview,Delhi
474,55,73449,Engineer,West Nancy,Karnataka
475,25,35537,Freelancer,Duncanborough,Maharashtra
476,20,32612,Teacher,East Juan,Gujarat
477,23,41348,Shop Owner,Adamsview,Gujarat
478,42,42779,Shop Owner,Hollandberg,Gujarat
479,54,56819,Engineer,Lake David,Gujarat
480,38,74106,Shop Owner,Tonyaport,Delhi
481,32,66088,Driver,Nicholasshire,Karnataka
482,32,55379,Shop Owner,Port Toddfort,Telangana
483,39,56413,Shop Owner,Port Jamesshire,Delhi
484,44,131999,Teacher,East Alexander,Delhi
485,47,118177,Teacher,Vegafurt,Maharashtra
486,30,96365,Engineer,Thomasborough,Delhi
487,27,82588,Student,Wardport,Gujarat
488,59,129735,Driver,East Sarah,Delhi
489,21,22149,Freelancer,West Michelle,Maharashtra
490,59,98204,Freelancer,Jonesmouth,Telangana
491,39,47384,Teacher,New Jacqueline,Gujarat
492,59,129503,Student,Tamaraside,Gujarat
493,44,44084,Driver,Lake Julianborough,Gujarat
494,41,148299,Teacher,Shannonmouth,Maharashtra
495,35,91571,Teacher,South Adamport,Maharashtra
496,22,36160,Engineer,Deanberg,Delhi
497,51,27014,Shop Owner,North Michaelland,Maharashtra
498,39,87231,Shop Owner,Lake Reginaldmouth,Karnataka
499,45,50390,Engineer,Brianshire,Gujarat
500,26,17421,Student,Lake Leemouth,Gujarat
501,52,14358,Shop Owner,Ericfort,Gujarat
502,20,134457,Freelancer,North Tracy,Telangana
503,56,136888,Student,Webbshire,Karnataka
504,56,119847,Driver,Port Gabrielle,Karnataka
505,21,43893,Teacher,New Markshire,Telangana
506,53,121335,Shop Owner,Lake Anthony,Maharashtra
507,53,26456,Student,Jamesview,Karnataka
508,23,78008,Driver,Davisfort,Telangana
509,19,20756,Driver,Quinnshire,Karnataka
510,49,135703,Freelancer,Garciaview,Gujarat
511,20,55113,Engineer,Lake Krystal,Gujarat
512,40,135541,Student,Hunterburgh,Karnataka
513,51,19686,Freelancer,Stephaniemouth,Delhi
514,25,141733,Driver,East Michelle,Gujarat
515,53,52828,Shop Owner,Turnerview,Maharashtra
516,33,98733,Student,Lopeztown,Delhi
517,34,56479,Driver,West Gerald,Delhi
518,20,91437,Shop Owner,Port Leeton,Delhi
519,57,39301,Shop Owner,Noahhaven,Delhi
520,57,28752,Student,Laceytown,Telangana
521,37,131237,Teacher,South Melissa,Maharashtra
522,33,20699,Freelancer,North Connietown,Delhi
523,51,128413,Driver,Collinstown,Maharashtra
524,40,134481,Student,South Cameron,Telangana
525,19,40682,Student,West Brandon,Maharashtra
526,18,137810,Driver,New Maxwelltown,Gujarat
527,21,100373,Engineer,South Teresaborough,Karnataka
528,32,145509,Driver,Choiton,Telangana
529,59,108864,Teacher,New Daniel,Gujarat
530,52,55033,Freelancer,Tristanfurt,Karnataka
531,33,41750,Driver,Sarahport,Maharashtra
532,32,122020,Engineer,Floresburgh,Gujarat
533,44,30609,Engineer,West Joseph,Gujarat
534,31,114211,Teacher,Cynthiashire,Gujarat
535,42,134865,Student,Morrisonland,Telangana
536,50,128947,Freelancer,South Peter,Maharashtra
537,33,124099,Engineer,Silvaville,Karnataka
538,58,33429,Student,Christineburgh,Telangana
539,51,111268,Teacher,Woodsborough,Delhi
540,42,41822,Driver,East Stephenfurt,Telangana
541,29,17967,Driver,Contrerasberg,Telangana
542,48,38179,Teacher,Deannaport,Telangana
543,23,127407,Shop Owner,Michaelland,Karnataka
544,19,49922,Shop Owner,Port Erika,Karnataka
545,51,107033,Student,Lake Debraville,Gujarat
546,28,129863,Student,New Steven,Karnataka
547,26,38141,Engineer,Hamiltonborough,Delhi
548,50,107539,Driver,Port Joe,Maharashtra
549,54,108723,Driver,New Laurie,Gujarat
550,54,42371,Freelancer,Lake Timothyhaven,Telangana
551,52,106774,Engineer,East Jeremy,Delhi
552,39,109853,Shop Owner,East Rhondabury,Telangana
553,39,79252,Freelancer,New Rachel,Gujarat
554,44,16548,Freelancer,Mcdonaldside,Telangana
555,27,34022,Teacher,Hollandton,Telangana
556,18,70428,Shop Owner,South Christopherfort,Gujarat
557,38,26052,Teacher,Brianaton,Telangana
558,49,10163,Student,Amandatown,Karnataka
559,28,145870,Shop Owner,Carlosbury,Delhi
560,43,20749,Driver,South Janet,Gujarat
561,35,31223,Engineer,Taylorstad,Maharashtra
562,46,36035,Shop Owner,Mooreport,Gujarat
563,38,127360,Student,Alexandraview,Maharashtra
564,26,100536,Student,Kevinmouth,Gujarat
565,46,52080,Teacher,Johnsonmouth,Gujarat
566,57,137734,Teacher,Samuelton,Karnataka
567,39,61399,Student,East Lauraport,Maharashtra
568,40,66492,Engineer,Lake Jessica,Telangana
569,49,73936,Shop Owner,Williamschester,Telangana
570,25,70920,Engineer,Jacobsonstad,Maharashtra
571,41,99570,Student,West Markfurt,Telangana
572,37,98340,Teacher,New Justinberg,Delhi
573,28,135426,Driver,North Ryanborough,Karnataka
574,22,114797,Freelancer,West Ian,Gujarat
575,55,88815,Driver,Lake Susan,Maharashtra
576,48,71063,Student,Webbside,Maharashtra
577,19,107661,Driver,South Johnstad,Maharashtra
578,58,133257,Freelancer,West Justinview,Gujarat
579,27,44964,Driver,Marqueztown,Delhi
580,44,27153,Freelancer,Port Lisa,Telangana
581,49,122990,Driver,East Ebonyborough,Gujarat
582,28,55838,Student,Evanston,Gujarat
583,26,80119,Engineer,South Julie,Delhi
584,42,102949,Driver,Lake Ann,Delhi
585,38,86971,Engineer,Billyport,Maharashtra
586,38,87794,Teacher,Danielleville,Maharashtra
587,29,53950,Teacher,Port Christopherland,Telangana
588,30,135588,Freelancer,Port Colinton,Delhi
589,49,68005,Engineer,South Josemouth,Maharashtra
590,39,33387,Shop Owner,Brownside,Telangana
591,35,74028,Shop Owner,Burnsside,Delhi
592,44,54638,Engineer,Michaelton,Delhi
593,30,118821,Engineer,Johnsonchester,Telangana
594,50,18706,Freelancer,Macdonaldberg,Karnataka
595,40,39725,Driver,Lake Danielport,Maharashtra
596,54,98199,Teacher,West Sandra,Gujarat
597,33,65147,Shop Owner,Johnsonchester,Karnataka
598,18,48787,Engineer,North Jacquelineborough,Gujarat
599,51,78056,Teacher,Amandatown,Telangana
600,56,86865,Student,Jessicaton,Telangana
601,26,127235,Driver,West Phyllisfurt,Gujarat
602,43,36832,Freelancer,West Andrewview,Maharashtra
603,51,50372,Student,Melaniemouth,Delhi
604,28,110082,Freelancer,North Vanessamouth,Karnataka
605,54,92617,Driver,Jesseton,Telangana
606,21,117539,Teacher,Kellystad,Karnataka
607,43,83445,Shop Owner,North Stanleymouth,Telangana
608,27,102197,Freelancer,West Theresafurt,Delhi
609,37,37766,Driver,Bakertown,Telangana
610,31,79122,Shop Owner,Watkinsland,Gujarat
611,21,46727,Freelancer,West Jamiemouth,Gujarat
612,47,119458,Student,Port Elizabethburgh,Karnataka
613,39,52092,Driver,Meganside,Gujarat
614,55,23428,Driver,Amyfurt,Karnataka
615,53,15469,Student,Loganview,Maharashtra
616,35,109134,Driver,Brandyville,Maharashtra
617,45,37386,Engineer,Parkerview,Maharashtra
618,50,44051,Driver,Teresaborough,Karnataka
619,32,94045,Driver,Toddside,Karnataka
620,56,13471,Shop Owner,Valerieport,Maharashtra
621,27,56850,Shop Owner,Petermouth,Karnataka
622,47,147469,Freelancer,Danielville,Telangana
623,23,63072,Engineer,New Ericaville,Telangana
624,36,93369,Engineer,West Rickytown,Gujarat
625,22,72812,Shop Owner,East Darrell,Delhi
626,38,118899,Freelancer,Mitchellbury,Gujarat
627,21,15105,Engineer,East Wendyton,Maharashtra
628,41,78920,Driver,Port Luke,Maharashtra
629,48,77155,Student,Port Allenport,Delhi
630,38,142503,Driver,Benjaminberg,Gujarat
631,47,113302,Engineer,Herreraland,Delhi
632,31,17896,Shop Owner,Suzanneton,Delhi
633,26,106044,Driver,Colleenfurt,Karnataka
634,37,50785,Teacher,North Kathleenhaven,Karnataka
635,38,57299,Teacher,North William,Maharashtra
636,44,134302,Teacher,Molinaview,Karnataka
637,37,75428,Teacher,Whitneyland,Gujarat
638,31,38228,Engineer,West William,Gujarat
639,54,107239,Student,Edwardsfurt,Karnataka
640,42,72292,Driver,Lake Ryan,Maharashtra
641,58,16304,Teacher,Antoniochester,Telangana
642,21,101006,Teacher,Murphytown,Maharashtra
643,24,29446,Student,Lake Pamela,Maharashtra
644,41,107852,Shop Owner,Jennifermouth,Gujarat
645,45,28474,Student,North Clinton,Maharashtra
646,34,60669,Freelancer,Frederickburgh,Gujarat
647,18,23140,Shop Owner,Lake Emily,Gujarat
648,39,121672,Teacher,Amandashire,Gujarat
649,51,106111,Engineer,Lake Jimmy,Telangana
650,56,103269,Driver,Davidsontown,Delhi
651,27,77263,Engineer,Lake Melissa,Maharashtra
652,49,73878,Shop Owner,East Anthonyberg,Delhi
653,43,73870,Driver,Starkville,Delhi
654,39,15774,Shop Owner,Markfurt,Delhi
655,45,10781,Engineer,Hardingtown,Telangana
656,58,16823,Teacher,Brianachester,Delhi
657,43,39118,Teacher,Lauraberg,Maharashtra
658,20,101179,Student,Lake Richardborough,Gujarat
659,52,31253,Driver,Brandonland,Maharashtra
660,36,147924,Engineer,South James,Karnataka
661,29,71001,Driver,New Ruthview,Delhi
662,58,85939,Shop Owner,Port Cassandraburgh,Telangana
663,25,16710,Student,South Nathan,Gujarat
664,59,148043,Driver,North Barbara,Delhi
665,19,47711,Engineer,Christianburgh,Telangana
666,20,141354,Teacher,Joelberg,Karnataka
667,57,147701,Student,Grayview,Delhi
668,18,99087,Shop Owner,Baxterstad,Delhi
669,54,77843,Freelancer,Grantport,Karnataka
670,49,135576,Driver,Davisborough,Karnataka
671,33,64400,Shop Owner,Lake Shelby,Telangana
672,38,125357,Shop Owner,Blackburnton,Gujarat
673,21,43691,Freelancer,Maddenview,Gujarat
674,48,36170,Engineer,Port Sophiatown,Telangana
675,42,65426,Student,West Teresa,Delhi
676,42,102051,Teacher,Port Christinaton,Gujarat
677,22,42994,Shop Owner,Smithview,Delhi
678,46,105665,Freelancer,Joshualand,Karnataka
679,28,53732,Teacher,Jeremyland,Karnataka
680,29,22763,Freelancer,South Alejandra,Gujarat
681,38,130987,Teacher,North Meghanmouth,Maharashtra
682,38,69042,Driver,Lake Brianstad,Gujarat
683,58,43866,Student,Richardhaven,Maharashtra
684,22,42602,Engineer,Port Michelleshire,Maharashtra
685,37,139295,Teacher,Port Jessica,Gujarat
686,52,10155,Freelancer,Cruzview,Maharashtra
687,37,38795,Student,Bruceview,Karnataka
688,21,97960,Freelancer,Meganton,Telangana
689,52,119869,Driver,South Tina,Delhi
690,29,63798,Student,West Brian,Karnataka
691,30,60290,Student,West Allisonview,Karnataka
692,44,77990,Engineer,Pattersonborough,Karnataka
693,51,143669,Freelancer,South Timothyburgh,Delhi
694,25,25037,Engineer,Port Kevin,Karnataka
695,47,22109,Engineer,West Michael,Delhi
696,42,71709,Teacher,West Amberhaven,Maharashtra
697,36,25282,Engineer,Elizabethbury,Gujarat
698,36,15075,Shop Owner,Joseborough,Maharashtra
699,36,62142,Driver,Christinetown,Telangana
700,53,53472,Freelancer,Chungmouth,Maharashtra
701,50,87175,Driver,Snyderfort,Maharashtra
702,31,138202,Shop Owner,Bennettstad,Karnataka
703,58,102493,Freelancer,East Bruceport,Maharashtra
704,21,18259,Driver,Kennethstad,Gujarat
705,58,116108,Freelancer,New William,Maharashtra
706,33,45292,Freelancer,Dayport,Maharashtra
707,47,76314,Freelancer,Lake Ricky,Gujarat
708,38,105998,Shop Owner,New Melindaville,Telangana
709,37,54900,Engineer,Murphybury,Delhi
710,50,82692,Shop Owner,Annetteberg,Maharashtra
711,26,56403,Engineer,Brianmouth,Maharashtra
712,51,59879,Student,North Brian,Telangana
713,40,42174,Driver,Port Renee,Delhi
714,32,36649,Driver,New Davidville,Telangana
715,39,99906,Freelancer,Zamorabury,Delhi
716,46,88002,Driver,Thompsonstad,Delhi
717,45,40795,Shop Owner,New Jonathan,Karnataka
718,39,141265,Teacher,West Brandonfurt,Karnataka
719,58,52070,Freelancer,Joshuamouth,Maharashtra
720,35,147788,Driver,Douglasland,Gujarat
721,44,50583,Engineer,New Sergiohaven,Delhi
722,59,121032,Shop Owner,Lopezshire,Telangana
723,52,83869,Engineer,Kelleytown,Telangana
724,37,106055,Student,North Erin,Telangana
725,55,53056,Freelancer,South Johnport,Maharashtra
726,25,106038,Shop Owner,West Julie,Telangana
727,59,146554,Freelancer,West Justinport,Maharashtra
728,26,146535,Shop Owner,West Nicoleborough,Maharashtra
729,58,140576,Shop Owner,Lake Patricia,Karnataka
730,56,59334,Student,Calderonview,Telangana
731,28,91554,Engineer,Courtneyland,Telangana
732,18,71035,Engineer,Erikastad,Delhi
733,25,88279,Shop Owner,Cummingschester,Telangana
734,29,144393,Shop Owner,Humphreymouth,Maharashtra
735,44,133053,Freelancer,North Chase,Telangana
736,40,144832,Driver,Lisaside,Gujarat
737,35,48211,Freelancer,Weberville,Maharashtra
738,53,44542,Driver,North Zacharytown,Delhi
739,50,26715,Teacher,Dianetown,Karnataka
740,32,71350,Teacher,West Mark,Telangana
741,58,124889,Teacher,South Rachelland,Karnataka
742,28,84637,Teacher,Kochfurt,Karnataka
743,26,115848,Driver,Danielleview,Karnataka
744,37,70058,Shop Owner,Lauriebury,Gujarat
745,46,147103,Freelancer,West Rebecca,Gujarat
746,34,104475,Engineer,Davidborough,Karnataka
747,18,77534,Teacher,Jaredshire,Telangana
748,38,129006,Student,Martinmouth,Maharashtra
749,55,110123,Shop Owner,New Michael,Karnataka
750,35,131251,Engineer,Lake Samuel,Telangana
751,26,72493,Driver,South Lisamouth,Delhi
752,51,110127,Engineer,East Wanda,Karnataka
753,45,49758,Student,Shannonhaven,Karnataka
754,49,85769,Engineer,Greenemouth,Maharashtra
755,53,138379,Student,Port Dawn,Gujarat
756,45,78803,Shop Owner,Barbaraland,Maharashtra
757,18,127961,Driver,New April,Gujarat
758,45,130234,Engineer,Kellyton,Karnataka
759,55,149839,Shop Owner,Josephborough,Gujarat
760,29,105040,Driver,Lake Juliastad,Maharashtra
761,22,148141,Engineer,Davidmouth,Karnataka
762,28,17597,Freelancer,South Jenniferside,Karnataka
763,44,130956,Shop Owner,West Christophertown,Gujarat
764,54,143241,Shop Owner,Debraberg,Telangana
765,59,18036,Engineer,Thomasville,Delhi
766,35,147416,Student,Sanchezport,Telangana
767,30,30538,Freelancer,New Renee,Delhi
768,34,69500,Freelancer,Griffinfurt,Delhi
769,22,144308,Student,New Amanda,Maharashtra
770,30,86449,Shop Owner,West Cathy,Telangana
771,40,60098,Engineer,Martinezborough,Gujarat
772,51,136060,Engineer,South Debbie,Gujarat
773,38,92302,Driver,Victorfurt,Telangana
774,28,141430,Driver,Garciashire,Karnataka
775,18,109931,Shop Owner,Aaronshire,Karnataka
776,30,68478,Teacher,Aliciafurt,Karnataka
777,53,65568,Engineer,Kimberlyport,Delhi
778,35,84965,Student,Simsfort,Gujarat
779,36,87988,Shop Owner,Christinebury,Delhi
780,22,100768,Shop Owner,Coleport,Delhi
781,36,142212,Teacher,Davidview,Karnataka
782,29,86021,Shop Owner,Gomezview,Karnataka
783,56,26859,Shop Owner,Peterberg,Maharashtra
784,37,76093,Teacher,Joshuaburgh,Delhi
785,23,76418,Engineer,Arielchester,Gujarat
786,49,88518,Teacher,Jessicaville,Delhi
787,55,132813,Engineer,New Richardberg,Karnataka
788,34,123613,Engineer,Phyllisland,Gujarat
789,45,28354,Driver,North Amandachester,Telangana
790,52,135438,Student,New Jamesshire,Delhi
791,34,12384,Student,East Andrewmouth,Maharashtra
792,49,121431,Engineer,East Kevin,Karnataka
793,22,34045,Shop Owner,Rogerburgh,Gujarat
794,49,146917,Engineer,North Kathrynport,Karnataka
795,27,87949,Shop Owner,Nicoleberg,Delhi
796,19,62887,Engineer,West Allenside,Maharashtra
797,47,66622,Engineer,Millsburgh,Karnataka
798,25,94761,Student,South Crystal,Karnataka
799,18,130356,Shop Owner,New Robinfort,Telangana
800,26,21390,Student,Farmerton,Delhi
801,52,85969,Student,Lake Michelle,Gujarat
802,31,58511,Driver,South Beverlyville,Karnataka
803,52,51869,Driver,Cassidyburgh,Telangana
804,49,32031,Teacher,West James,Maharashtra
805,51,99833,Driver,Jacquelineville,Delhi
806,19,121041,Teacher,Kevinhaven,Telangana
807,48,110859,Teacher,North Nathan,Karnataka
808,25,133853,Freelancer,Davismouth,Karnataka
809,46,33782,Shop Owner,Port Rachelbury,Maharashtra
810,34,132258,Shop Owner,Nathanhaven,Karnataka
811,42,26566,Freelancer,New Jamesburgh,Gujarat
812,27,99571,Freelancer,Petersonside,Delhi
813,37,10159,Teacher,Lake Danielstad,Gujarat
814,45,117507,Shop Owner,Rodriguezchester,Delhi
815,30,81126,Teacher,Bennettville,Delhi
816,48,56154,Student,East Carolyn,Delhi
817,32,122056,Student,Lake Ashleyfurt,Gujarat
818,46,60961,Freelancer,Valeriefort,Maharashtra
819,40,72551,Teacher,Thomasfurt,Maharashtra
820,23,90811,Student,Taylorland,Telangana
821,45,116122,Student,South Emma,Maharashtra
822,36,146865,Driver,Goodwinberg,Delhi
823,53,123550,Engineer,Port Nicole,Telangana
824,36,143296,Freelancer,Sotoside,Delhi
825,54,42441,Teacher,Melissaton,Telangana
826,50,102122,Student,Jacksonmouth,Gujarat
827,40,95716,Shop Owner,Jeffreybury,Karnataka
828,30,39796,Student,North Daniel,Delhi
829,28,130592,Driver,Alexisburgh,Maharashtra
830,47,88356,Driver,Aprilshire,Karnataka
831,36,76852,Teacher,North Donna,Maharashtra
832,54,64575,Driver,North Bryanchester,Maharashtra
833,52,77055,Teacher,Foxchester,Karnataka
834,58,48342,Student,Hollychester,Telangana
835,35,37364,Shop Owner,Hortonfurt,Delhi
836,48,91423,Student,Thomaston,Maharashtra
837,55,128581,Freelancer,Chelseaville,Maharashtra
838,53,86396,Shop Owner,Lake Susan,Telangana
839,51,95896,Driver,East Teresaview,Gujarat
840,20,72491,Freelancer,Lake David,Delhi
841,38,26923,Freelancer,North Richard,Maharashtra
842,53,70948,Driver,Lake Bridgetberg,Karnataka
843,52,36672,Freelancer,New Rachelmouth,Gujarat
844,27,38172,Shop Owner,Hallmouth,Gujarat
845,39,149088,Driver,East Katherine,Gujarat
846,52,34472,Engineer,Novakchester,Maharashtra
847,29,64131,Shop Owner,New Joshuabury,Karnataka
848,42,142473,Driver,West Brittany,Gujarat
849,55,112518,Driver,Lake Christina,Maharashtra
850,57,12745,Driver,North Brandi,Karnataka
851,59,81354,Freelancer,Brandonville,Maharashtra
852,51,91029,Shop Owner,Kaitlinberg,Maharashtra
853,50,65350,Teacher,Williamfort,Delhi
854,29,56607,Engineer,Petersonshire,Telangana
855,53,62870,Driver,Johnsonview,Karnataka
856,26,126895,Engineer,North Jenniferstad,Maharashtra
857,40,38151,Shop Owner,Michaelshire,Karnataka
858,21,100306,Shop Owner,Davisberg,Maharashtra
859,46,102769,Teacher,Robinsonburgh,Delhi
860,30,43870,Driver,Port Johnview,Delhi
861,43,122217,Student,Port Jerry,Telangana
862,49,84707,Teacher,South Debrabury,Karnataka
863,32,71215,Driver,East Scottburgh,Maharashtra
864,34,148731,Teacher,Donside,Maharashtra
865,43,123688,Teacher,Benjaminview,Karnataka
866,36,116956,Shop Owner,North David,Delhi
867,48,84218,Student,Port Matthew,Maharashtra
868,55,33989,Driver,New Kyle,Maharashtra
869,48,90360,Freelancer,Weaverborough,Gujarat
870,43,118272,Teacher,South Jennifershire,Telangana
871,37,15939,Student,Lake Scotthaven,Karnataka
872,50,57118,Shop Owner,Mirandaborough,Gujarat
873,38,138557,Shop Owner,East Christopherton,Gujarat
874,31,41433,Freelancer,Steventown,Telangana
875,48,77293,Engineer,North Michelleside,Telangana
876,25,87227,Shop Owner,Port Caseyland,Karnataka
877,50,57153,Engineer,Victoriashire,Delhi
878,23,38328,Driver,Williamsview,Karnataka
879,43,86221,Student,Goodwinbury,Delhi
880,28,73761,Engineer,Adamsmouth,Gujarat
881,43,138389,Driver,East Jenniferville,Delhi
882,46,13642,Shop Owner,New Alice,Gujarat
883,34,24122,Shop Owner,Ortizberg,Gujarat
884,51,149783,Shop Owner,North Jillmouth,Gujarat
885,25,86253,Driver,Port Eddie,Maharashtra
886,56,111971,Teacher,Shaneborough,Telangana
887,39,87960,Shop Owner,Grantton,Gujarat
888,53,149227,Driver,Samanthatown,Gujarat
889,38,138727,Teacher,Ronaldshire,Delhi
890,57,94289,Engineer,New Corey,Telangana
891,44,93596,Shop Owner,Lake Dillonburgh,Gujarat
892,53,33816,Freelancer,Lake Brittany,Karnataka
893,51,138498,Student,Port Anthonyland,Maharashtra
894,46,95744,Engineer,Lake Jamesburgh,Delhi
895,37,118125,Engineer,Russofort,Karnataka
896,56,29149,Student,North Kristinville,Gujarat
897,46,76641,Driver,Ericburgh,Maharashtra
898,18,25417,Teacher,Moralesburgh,Telangana
899,37,128474,Student,Waltonchester,Maharashtra
900,22,44681,Student,West Patriciaton,Maharashtra
901,39,53361,Shop Owner,Millertown,Maharashtra
902,46,88532,Engineer,East Josebury,Karnataka
903,38,118946,Shop Owner,New Seanberg,Delhi
904,24,52998,Teacher,Smithfort,Telangana
905,38,143251,Teacher,Lake Taylor,Delhi
906,32,57857,Driver,Brownstad,Telangana
907,46,103330,Freelancer,South Chadbury,Delhi
908,44,73353,Engineer,East Michaelstad,Telangana
909,18,101502,Engineer,Solisland,Telangana
910,53,72433,Shop Owner,New Rachel,Gujarat
911,21,132808,Student,South Leah,Telangana
912,40,47044,Freelancer,Josephborough,Maharashtra
913,23,44148,Student,Christopherland,Gujarat
914,57,122230,Freelancer,East Wandastad,Telangana
915,37,48402,Engineer,South Aaronhaven,Delhi
916,45,121435,Freelancer,West Terrance,Karnataka
917,53,70142,Student,Port Adam,Telangana
918,30,103526,Teacher,Walkerhaven,Gujarat
919,47,35711,Engineer,Aaronchester,Karnataka
920,31,140429,Engineer,Sharonhaven,Delhi
921,56,136479,Freelancer,North Patrick,Telangana
922,38,28375,Student,East Robertoland,Karnataka
923,48,144345,Engineer,Harrisberg,Gujarat
924,26,62874,Teacher,Port Tina,Maharashtra
925,34,88958,Student,South Alexanderchester,Karnataka
926,38,143872,Student,Christopherburgh,Maharashtra
927,53,43872,Student,Port Alexandria,Gujarat
928,57,95774,Engineer,East Stephanie,Maharashtra
929,40,23689,Shop Owner,West Edward,Maharashtra
930,34,23050,Student,West Deborah,Telangana
931,26,31644,Freelancer,East Kristenmouth,Delhi
932,20,51520,Driver,Port Susan,Telangana
933,18,115410,Teacher,Lake Michael,Delhi
934,49,139887,Driver,East Chris,Gujarat
935,36,34618,Driver,North Joanfort,Karnataka
936,57,14173,Teacher,Evansville,Maharashtra
937,31,80305,Shop Owner,Evanschester,Delhi
938,41,80533,Student,Smithshire,Maharashtra
939,57,141060,Student,East Jillian,Telangana
940,44,119903,Freelancer,Davidville,Telangana
941,52,68002,Driver,Jonesshire,Karnataka
942,27,66408,Driver,Stephaniestad,Delhi
943,40,101649,Freelancer,Leachburgh,Karnataka
944,54,137815,Freelancer,Benjaminmouth,Karnataka
945,33,96610,Engineer,Lake Derek,Gujarat
946,33,82827,Student,East Cassie,Maharashtra
947,29,69722,Shop Owner,North Stanley,Karnataka
948,29,76960,Freelancer,Wardland,Maharashtra
949,22,10887,Engineer,New Michael,Maharashtra
950,58,91938,Freelancer,Michellefort,Telangana
951,19,87789,Driver,Chloeview,Maharashtra
952,30,56163,Freelancer,South Angela,Karnataka
953,46,32931,Shop Owner,Crystalborough,Gujarat
954,27,104776,Teacher,New Derek,Telangana
955,27,105556,Driver,East Jamesfort,Maharashtra
956,22,120041,Driver,Port Michael,Maharashtra
957,44,136155,Engineer,Matthewburgh,Karnataka
958,27,32625,Student,Audreyshire,Karnataka
959,33,113937,Driver,Hillhaven,Gujarat
960,55,145189,Teacher,Jacobberg,Karnataka
961,56,104876,Freelancer,East Johnathan,Delhi
962,44,78136,Freelancer,New Timothy,Delhi
963,36,36990,Teacher,Ashleystad,Telangana
964,51,138133,Engineer,New Daniel,Gujarat
965,26,121072,Freelancer,South Laura,Maharashtra
966,53,64330,Driver,Marilynstad,Gujarat
967,46,50387,Student,Wattston,Karnataka
968,43,72260,Engineer,Ramirezburgh,Karnataka
969,38,109575,Freelancer,Cervantesside,Delhi
970,51,94381,Student,East Jacob,Telangana
971,45,70272,Shop Owner,Monicatown,Delhi
972,24,75618,Student,Adamsberg,Gujarat
973,53,86872,Shop Owner,Port Iantown,Gujarat
974,49,40981,Freelancer,West Mathewchester,Maharashtra
975,27,92289,Engineer,Johnsonland,Gujarat
976,52,148746,Shop Owner,Gutierrezborough,Maharashtra
977,45,79212,Engineer,Albertfort,Maharashtra
978,44,100009,Engineer,Lake James,Delhi
979,34,14138,Student,New Tanya,Maharashtra
980,59,14017,Driver,West Karen,Telangana
981,57,20278,Student,New Adrian,Telangana
982,40,142206,Driver,East Charlottechester,Maharashtra
983,22,15039,Teacher,South Williamshire,Karnataka
984,20,63053,Teacher,East Heather,Maharashtra
985,28,77087,Teacher,Mercedeschester,Gujarat
986,35,146355,Engineer,Davidchester,Telangana
987,20,110297,Freelancer,Jacktown,Maharashtra
988,44,120317,Engineer,Markchester,Gujarat
989,34,18024,Student,Staceyville,Delhi
990,45,101829,Shop Owner,South Katherine,Maharashtra
991,35,95178,Shop Owner,Osbornetown,Gujarat
992,55,140299,Engineer,Wattshaven,Telangana
993,32,83233,Teacher,Lake Johnny,Karnataka
994,30,98835,Freelancer,North Jenniferport,Telangana
995,41,41707,Student,North Christopher,Karnataka
996,31,86709,Teacher,Smithfurt,Maharashtra
997,18,77173,Freelancer,Melindaberg,Telangana
998,46,110336,Teacher,West Kevin,Delhi
999,38,59393,Engineer,Port Sherry,Telangana
1000,37,92722,Driver,West Marcshire,Telangana
